rank,name,date
1,Luka Doncic,10-28-2025
2,Giannis Antetokounmpo,10-28-2025
3,Victor Wembanyama,10-28-2025
4,Austin Reaves,10-28-2025
5,Shai Gilgeous-Alexander,10-28-2025
6,Tyrese Maxey,10-28-2025
6,LaMelo Ball,10-28-2025
8,Stephen Curry,10-28-2025
9,Aaron Gordon,10-28-2025
10,Nikola Jokic,10-28-2025
11,Alperen Sengun,10-28-2025
12,Bennedict Mathurin,10-28-2025
13,Julius Randle,10-28-2025
13,Zion Williamson,10-28-2025
15,Pascal Siakam,10-28-2025
15,Jalen Brunson,10-28-2025
17,Anthony Davis,10-28-2025
17,Kevin Durant,10-28-2025
19,Scottie Barnes,10-28-2025
20,James Harden,10-28-2025
21,Jamal Murray,10-28-2025
22,Donovan Mitchell,10-28-2025
23,Chet Holmgren,10-28-2025
24,VJ Edgecombe,10-28-2025
25,Nikola Vucevic,10-28-2025
26,Lauri Markkanen,10-28-2025
26,Jaylen Brown,10-28-2025
26,Kyshawn George,10-28-2025
29,Zach LaVine,10-28-2025
30,Norman Powell,10-28-2025
31,Devin Booker,10-28-2025
32,Cade Cunningham,10-28-2025
33,Kawhi Leonard,10-28-2025
34,Cam Thomas,10-28-2025
35,Karl-Anthony Towns,10-28-2025
36,RJ Barrett,10-28-2025
37,Evan Mobley,10-28-2025
38,Anthony Edwards,10-28-2025
39,Jimmy Butler III,10-28-2025
40,Deni Avdija,10-28-2025
41,Brandon Ingram,10-28-2025
42,Franz Wagner,10-28-2025
43,DeMar DeRozan,10-28-2025
44,Miles Bridges,10-28-2025
45,Trey Murphy III,10-28-2025
46,Josh Giddey,10-28-2025
46,Cedric Coward,10-28-2025
48,Ausar Thompson,10-28-2025
49,Kristaps Porzingis,10-28-2025
50,Ja Morant,10-28-2025
1,Luka Doncic,10-29-2025
2,Giannis Antetokounmpo,10-29-2025
3,Victor Wembanyama,10-29-2025
4,Austin Reaves,10-29-2025
5,Tyrese Maxey,10-29-2025
6,Nikola Jokic,10-29-2025
7,Shai Gilgeous-Alexander,10-29-2025
8,Lauri Markkanen,10-29-2025
9,LaMelo Ball,10-29-2025
10,Jamal Murray,10-29-2025
11,Jalen Brunson,10-29-2025
12,Bennedict Mathurin,10-29-2025
13,Anthony Davis,10-29-2025
14,Alperen Sengun,10-29-2025
14,Zion Williamson,10-29-2025
16,Pascal Siakam,10-29-2025
17,Stephen Curry,10-29-2025
18,Nikola Vucevic,10-29-2025
19,Julius Randle,10-29-2025
20,Donovan Mitchell,10-29-2025
21,Devin Booker,10-29-2025
22,Chet Holmgren,10-29-2025
23,Kyshawn George,10-29-2025
24,Norman Powell,10-29-2025
25,Aaron Gordon,10-29-2025
26,Alex Sarr,10-29-2025
26,James Harden,10-29-2025
26,Walker Kessler,10-29-2025
29,Kevin Durant,10-29-2025
30,VJ Edgecombe,10-29-2025
31,Zach LaVine,10-29-2025
32,Jaylen Brown,10-29-2025
33,Deni Avdija,10-29-2025
34,Evan Mobley,10-29-2025
35,Mikal Bridges,10-29-2025
36,Keyonte George,10-29-2025
36,Kristaps Porzingis,10-29-2025
38,Scottie Barnes,10-29-2025
38,Jimmy Butler III,10-29-2025
40,RJ Barrett,10-29-2025
41,Anthony Edwards,10-29-2025
41,Jrue Holiday,10-29-2025
41,Jalen Johnson,10-29-2025
44,Jaime Jaquez Jr.,10-29-2025
44,Josh Giddey,10-29-2025
46,Franz Wagner,10-29-2025
47,Kawhi Leonard,10-29-2025
48,Trae Young,10-29-2025
49,Paolo Banchero,10-29-2025
50,Ja Morant,10-29-2025
1,Luka Doncic,10-30-2025
2,Giannis Antetokounmpo,10-30-2025
3,Victor Wembanyama,10-30-2025
4,Austin Reaves,10-30-2025
5,Tyrese Maxey,10-30-2025
6,Nikola Jokic,10-30-2025
7,Shai Gilgeous-Alexander,10-30-2025
8,Lauri Markkanen,10-30-2025
9,LaMelo Ball,10-30-2025
10,Jalen Brunson,10-30-2025
11,Bennedict Mathurin,10-30-2025
12,Julius Randle,10-30-2025
13,Alperen Sengun,10-30-2025
14,Stephen Curry,10-30-2025
15,Pascal Siakam,10-30-2025
16,Jamal Murray,10-30-2025
17,Nikola Vucevic,10-30-2025
18,Devin Booker,10-30-2025
19,Chet Holmgren,10-30-2025
20,Kyshawn George,10-30-2025
21,Kevin Durant,10-30-2025
22,Donovan Mitchell,10-30-2025
23,Norman Powell,10-30-2025
24,Jaylen Brown,10-30-2025
25,Zach LaVine,10-30-2025
26,Alex Sarr,10-30-2025
27,James Harden,10-30-2025
28,Walker Kessler,10-30-2025
29,Scottie Barnes,10-30-2025
30,Jrue Holiday,10-30-2025
31,VJ Edgecombe,10-30-2025
32,Keyonte George,10-30-2025
33,Cade Cunningham,10-30-2025
34,Anthony Davis,10-30-2025
35,Jalen Johnson,10-30-2025
36,Josh Giddey,10-30-2025
37,Ja Morant,10-30-2025
38,Mikal Bridges,10-30-2025
39,Deni Avdija,10-30-2025
40,Evan Mobley,10-30-2025
41,Jimmy Butler III,10-30-2025
42,Anthony Edwards,10-30-2025
43,Jaime Jaquez Jr.,10-30-2025
44,Brandon Ingram,10-30-2025
45,Paolo Banchero,10-30-2025
46,Aaron Gordon,10-30-2025
47,Kristaps Porzingis,10-30-2025
48,Michael Porter Jr.,10-30-2025
49,Franz Wagner,10-30-2025
50,Zion Williamson,10-30-2025
1,Luka Doncic,10-31-2025
2,Giannis Antetokounmpo,10-31-2025
3,Victor Wembanyama,10-31-2025
4,Austin Reaves,10-31-2025
5,Tyrese Maxey,10-31-2025
6,Nikola Jokic,10-31-2025
7,Shai Gilgeous-Alexander,10-31-2025
8,Lauri Markkanen,10-31-2025
9,LaMelo Ball,10-31-2025
10,Jalen Brunson,10-31-2025
11,Bennedict Mathurin,10-31-2025
12,Julius Randle,10-31-2025
13,Alperen Sengun,10-31-2025
14,Pascal Siakam,10-31-2025
15,Jamal Murray,10-31-2025
16,Stephen Curry,10-31-2025
17,Nikola Vucevic,10-31-2025
18,Devin Booker,10-31-2025
19,Chet Holmgren,10-31-2025
20,Kevin Durant,10-31-2025
21,Donovan Mitchell,10-31-2025
22,Norman Powell,10-31-2025
23,Jaylen Brown,10-31-2025
24,Zach LaVine,10-31-2025
25,James Harden,10-31-2025
26,Walker Kessler,10-31-2025
27,Scottie Barnes,10-31-2025
28,Jrue Holiday,10-31-2025
29,VJ Edgecombe,10-31-2025
30,Kyshawn George,10-31-2025
31,Keyonte George,10-31-2025
32,Cade Cunningham,10-31-2025
33,Anthony Davis,10-31-2025
34,Jalen Johnson,10-31-2025
35,Josh Giddey,10-31-2025
36,Paolo Banchero,10-31-2025
37,Alex Sarr,10-31-2025
38,Ja Morant,10-31-2025
39,Jimmy Butler III,10-31-2025
40,Mikal Bridges,10-31-2025
41,Deni Avdija,10-31-2025
42,Bam Adebayo,10-31-2025
43,Evan Mobley,10-31-2025
44,Anthony Edwards,10-31-2025
45,Brandon Ingram,10-31-2025
46,Aaron Gordon,10-31-2025
47,Kristaps Porzingis,10-31-2025
48,Michael Porter Jr.,10-31-2025
49,Zion Williamson,10-31-2025
50,Franz Wagner,10-31-2025
1,Luka Doncic,11-01-2025
2,Giannis Antetokounmpo,11-01-2025
3,Victor Wembanyama,11-01-2025
4,Austin Reaves,11-01-2025
5,Tyrese Maxey,11-01-2025
6,Nikola Jokic,11-01-2025
7,Shai Gilgeous-Alexander,11-01-2025
8,Lauri Markkanen,11-01-2025
9,LaMelo Ball,11-01-2025
10,Jalen Brunson,11-01-2025
11,Bennedict Mathurin,11-01-2025
12,Julius Randle,11-01-2025
13,Alperen Sengun,11-01-2025
14,Pascal Siakam,11-01-2025
15,Jamal Murray,11-01-2025
16,Stephen Curry,11-01-2025
17,Nikola Vucevic,11-01-2025
18,Devin Booker,11-01-2025
19,Chet Holmgren,11-01-2025
20,Kevin Durant,11-01-2025
21,Donovan Mitchell,11-01-2025
22,Norman Powell,11-01-2025
23,Jaylen Brown,11-01-2025
24,Zach LaVine,11-01-2025
25,James Harden,11-01-2025
26,Walker Kessler,11-01-2025
27,Scottie Barnes,11-01-2025
28,Jrue Holiday,11-01-2025
29,VJ Edgecombe,11-01-2025
30,Kyshawn George,11-01-2025
31,Keyonte George,11-01-2025
32,Cade Cunningham,11-01-2025
33,Anthony Davis,11-01-2025
34,Jalen Johnson,11-01-2025
35,Josh Giddey,11-01-2025
36,Paolo Banchero,11-01-2025
37,Alex Sarr,11-01-2025
38,Ja Morant,11-01-2025
39,Jimmy Butler III,11-01-2025
40,Mikal Bridges,11-01-2025
41,Deni Avdija,11-01-2025
42,Bam Adebayo,11-01-2025
43,Evan Mobley,11-01-2025
44,Anthony Edwards,11-01-2025
45,Brandon Ingram,11-01-2025
46,Aaron Gordon,11-01-2025
47,Kristaps Porzingis,11-01-2025
48,Michael Porter Jr.,11-01-2025
49,Zion Williamson,11-01-2025
50,Franz Wagner,11-01-2025
1,Luka Doncic,11-02-2025
2,Giannis Antetokounmpo,11-02-2025
3,Victor Wembanyama,11-02-2025
4,Tyrese Maxey,11-02-2025
5,Nikola Jokic,11-02-2025
6,Shai Gilgeous-Alexander,11-02-2025
7,Austin Reaves,11-02-2025
8,Lauri Markkanen,11-02-2025
9,Julius Randle,11-02-2025
10,Devin Booker,11-02-2025
11,LaMelo Ball,11-02-2025
12,Bennedict Mathurin,11-02-2025
13,Jalen Brunson,11-02-2025
14,Alperen Sengun,11-02-2025
15,Josh Giddey,11-02-2025
16,Jamal Murray,11-02-2025
17,Nikola Vucevic,11-02-2025
18,James Harden,11-02-2025
19,Chet Holmgren,11-02-2025
20,Kevin Durant,11-02-2025
21,Jalen Johnson,11-02-2025
22,Cade Cunningham,11-02-2025
23,Stephen Curry,11-02-2025
24,Donovan Mitchell,11-02-2025
25,Zach LaVine,11-02-2025
26,Pascal Siakam,11-02-2025
27,Kawhi Leonard,11-02-2025
28,Norman Powell,11-02-2025
29,Paolo Banchero,11-02-2025
30,Jaylen Brown,11-02-2025
31,Evan Mobley,11-02-2025
32,Keyonte George,11-02-2025
33,Anthony Davis,11-02-2025
34,Mikal Bridges,11-02-2025
35,VJ Edgecombe,11-02-2025
36,Scottie Barnes,11-02-2025
37,Jrue Holiday,11-02-2025
38,Jimmy Butler III,11-02-2025
39,Bam Adebayo,11-02-2025
40,Zion Williamson,11-02-2025
41,Kyshawn George,11-02-2025
42,Anthony Edwards,11-02-2025
43,Deni Avdija,11-02-2025
44,Franz Wagner,11-02-2025
45,Brandon Ingram,11-02-2025
46,Michael Porter Jr.,11-02-2025
47,Alex Sarr,11-02-2025
48,Domantas Sabonis,11-02-2025
49,Walker Kessler,11-02-2025
50,Jalen Duren,11-02-2025
1,Luka Doncic,11-03-2025
2,Giannis Antetokounmpo,11-03-2025
3,Tyrese Maxey,11-03-2025
4,Nikola Jokic,11-03-2025
5,Victor Wembanyama,11-03-2025
6,Shai Gilgeous-Alexander,11-03-2025
7,Austin Reaves,11-03-2025
8,Lauri Markkanen,11-03-2025
9,Devin Booker,11-03-2025
10,Julius Randle,11-03-2025
11,LaMelo Ball,11-03-2025
12,Bennedict Mathurin,11-03-2025
13,Jalen Brunson,11-03-2025
14,Josh Giddey,11-03-2025
15,Alperen Sengun,11-03-2025
16,Donovan Mitchell,11-03-2025
17,Jamal Murray,11-03-2025
18,Nikola Vucevic,11-03-2025
19,Jalen Johnson,11-03-2025
20,James Harden,11-03-2025
21,Chet Holmgren,11-03-2025
22,Kevin Durant,11-03-2025
23,Cade Cunningham,11-03-2025
24,Stephen Curry,11-03-2025
25,Zach LaVine,11-03-2025
26,Pascal Siakam,11-03-2025
27,Kawhi Leonard,11-03-2025
28,Norman Powell,11-03-2025
29,Paolo Banchero,11-03-2025
30,Scottie Barnes,11-03-2025
31,Jaylen Brown,11-03-2025
32,Keyonte George,11-03-2025
33,Anthony Davis,11-03-2025
34,Jrue Holiday,11-03-2025
35,Jimmy Butler III,11-03-2025
36,Evan Mobley,11-03-2025
37,Bam Adebayo,11-03-2025
38,Brandon Ingram,11-03-2025
39,Kyshawn George,11-03-2025
40,Anthony Edwards,11-03-2025
41,Deni Avdija,11-03-2025
42,Mikal Bridges,11-03-2025
43,Franz Wagner,11-03-2025
44,Karl-Anthony Towns,11-03-2025
45,Zion Williamson,11-03-2025
46,VJ Edgecombe,11-03-2025
47,Jaime Jaquez Jr.,11-03-2025
48,Miles Bridges,11-03-2025
49,Alex Sarr,11-03-2025
50,Stephon Castle,11-03-2025
1,Luka Doncic,11-04-2025
2,Giannis Antetokounmpo,11-04-2025
3,Nikola Jokic,11-04-2025
4,Tyrese Maxey,11-04-2025
5,Victor Wembanyama,11-04-2025
6,Shai Gilgeous-Alexander,11-04-2025
7,Austin Reaves,11-04-2025
8,Devin Booker,11-04-2025
9,Julius Randle,11-04-2025
10,Lauri Markkanen,11-04-2025
11,LaMelo Ball,11-04-2025
12,Bennedict Mathurin,11-04-2025
13,Josh Giddey,11-04-2025
14,Donovan Mitchell,11-04-2025
15,James Harden,11-04-2025
16,Jalen Brunson,11-04-2025
17,Cade Cunningham,11-04-2025
18,Alperen Sengun,11-04-2025
19,Nikola Vucevic,11-04-2025
20,Pascal Siakam,11-04-2025
21,Jalen Johnson,11-04-2025
22,Chet Holmgren,11-04-2025
23,Kawhi Leonard,11-04-2025
24,Stephen Curry,11-04-2025
25,Jamal Murray,11-04-2025
26,Jaylen Brown,11-04-2025
27,Paolo Banchero,11-04-2025
28,Keyonte George,11-04-2025
29,Scottie Barnes,11-04-2025
30,Karl-Anthony Towns,11-04-2025
31,Kevin Durant,11-04-2025
32,Bam Adebayo,11-04-2025
33,Anthony Davis,11-04-2025
34,Zach LaVine,11-04-2025
35,Deni Avdija,11-04-2025
36,Jimmy Butler III,11-04-2025
37,Norman Powell,11-04-2025
38,Evan Mobley,11-04-2025
39,Brandon Ingram,11-04-2025
40,Anthony Edwards,11-04-2025
41,Franz Wagner,11-04-2025
42,Zion Williamson,11-04-2025
43,Alex Sarr,11-04-2025
44,VJ Edgecombe,11-04-2025
45,Domantas Sabonis,11-04-2025
46,Kyshawn George,11-04-2025
47,Miles Bridges,11-04-2025
48,Stephon Castle,11-04-2025
49,Walker Kessler,11-04-2025
50,Mikal Bridges,11-04-2025

1,Luka Doncic,11-05-2025
2,Giannis Antetokounmpo,11-05-2025
3,Nikola Jokic,11-05-2025
4,Tyrese Maxey,11-05-2025
5,Shai Gilgeous-Alexander,11-05-2025
6,Victor Wembanyama,11-05-2025
7,Austin Reaves,11-05-2025
8,Devin Booker,11-05-2025
9,Josh Giddey,11-05-2025
10,Julius Randle,11-05-2025
11,Lauri Markkanen,11-05-2025
12,LaMelo Ball,11-05-2025
13,Bennedict Mathurin,11-05-2025
14,Alperen Sengun,11-05-2025
15,Donovan Mitchell,11-05-2025
16,James Harden,11-05-2025
17,Jalen Brunson,11-05-2025
18,Cade Cunningham,11-05-2025
19,Pascal Siakam,11-05-2025
20,Kawhi Leonard,11-05-2025
21,Nikola Vucevic,11-05-2025
22,Jamal Murray,11-05-2025
23,Stephen Curry,11-05-2025
24,Jalen Johnson,11-05-2025
25,Scottie Barnes,11-05-2025
26,Paolo Banchero,11-05-2025
27,Kevin Durant,11-05-2025
28,Jaylen Brown,11-05-2025
29,Keyonte George,11-05-2025
30,Karl-Anthony Towns,11-05-2025
31,Bam Adebayo,11-05-2025
32,Anthony Davis,11-05-2025
33,Chet Holmgren,11-05-2025
34,Zach LaVine,11-05-2025
35,Deni Avdija,11-05-2025
36,Norman Powell,11-05-2025
37,Evan Mobley,11-05-2025
38,Anthony Edwards,11-05-2025
39,Brandon Ingram,11-05-2025
40,Zion Williamson,11-05-2025
41,Alex Sarr,11-05-2025
42,Domantas Sabonis,11-05-2025
43,Kyshawn George,11-05-2025
44,Stephon Castle,11-05-2025
45,Walker Kessler,11-05-2025
46,Mikal Bridges,11-05-2025
47,Miles Bridges,11-05-2025
48,VJ Edgecombe,11-05-2025
49,RJ Barrett,11-05-2025
50,Jrue Holiday,11-05-2025
1,Luka Doncic,11-06-2025
2,Nikola Jokic,11-06-2025
3,Giannis Antetokounmpo,11-06-2025
4,Tyrese Maxey,11-06-2025
5,Shai Gilgeous-Alexander,11-06-2025
6,Austin Reaves,11-06-2025
7,Victor Wembanyama,11-06-2025
8,Donovan Mitchell,11-06-2025
9,Devin Booker,11-06-2025
10,Josh Giddey,11-06-2025
11,Julius Randle,11-06-2025
12,LaMelo Ball,11-06-2025
13,Bennedict Mathurin,11-06-2025
14,Alperen Sengun,11-06-2025
15,Lauri Markkanen,11-06-2025
16,Cade Cunningham,11-06-2025
17,Jalen Brunson,11-06-2025
18,James Harden,11-06-2025
19,Pascal Siakam,11-06-2025
20,Jaylen Brown,11-06-2025
21,Kawhi Leonard,11-06-2025
22,Nikola Vucevic,11-06-2025
23,Stephen Curry,11-06-2025
24,Jalen Johnson,11-06-2025
25,Scottie Barnes,11-06-2025
26,Paolo Banchero,11-06-2025
27,Deni Avdija,11-06-2025
28,Karl-Anthony Towns,11-06-2025
29,Jamal Murray,11-06-2025
30,Anthony Davis,11-06-2025
31,Chet Holmgren,11-06-2025
32,Alex Sarr,11-06-2025
33,Zach LaVine,11-06-2025
34,Keyonte George,11-06-2025
35,Evan Mobley,11-06-2025
36,Kevin Durant,11-06-2025
37,Michael Porter Jr.,11-06-2025
38,Jalen Duren,11-06-2025
39,Brandon Ingram,11-06-2025
40,Zion Williamson,11-06-2025
41,Domantas Sabonis,11-06-2025
42,Norman Powell,11-06-2025
43,Walker Kessler,11-06-2025
44,Miles Bridges,11-06-2025
45,RJ Barrett,11-06-2025
46,Franz Wagner,11-06-2025
47,Jrue Holiday,11-06-2025
48,Stephon Castle,11-06-2025
49,Amen Thompson,11-06-2025
50,Bam Adebayo,11-06-2025
1,Luka Doncic,11-07-2025
2,Nikola Jokic,11-07-2025
3,Giannis Antetokounmpo,11-07-2025
4,Tyrese Maxey,11-07-2025
5,Shai Gilgeous-Alexander,11-07-2025
6,Austin Reaves,11-07-2025
7,Victor Wembanyama,11-07-2025
8,Donovan Mitchell,11-07-2025
9,Josh Giddey,11-07-2025
10,Devin Booker,11-07-2025
11,Julius Randle,11-07-2025
12,LaMelo Ball,11-07-2025
13,Bennedict Mathurin,11-07-2025
14,Alperen Sengun,11-07-2025
15,Lauri Markkanen,11-07-2025
16,Cade Cunningham,11-07-2025
17,Jalen Brunson,11-07-2025
18,James Harden,11-07-2025
19,Pascal Siakam,11-07-2025
20,Jaylen Brown,11-07-2025
21,Kawhi Leonard,11-07-2025
22,Nikola Vucevic,11-07-2025
23,Jalen Green,11-07-2025
24,Stephen Curry,11-07-2025
25,Jalen Johnson,11-07-2025
26,Scottie Barnes,11-07-2025
27,Paolo Banchero,11-07-2025
28,Deni Avdija,11-07-2025
29,Karl-Anthony Towns,11-07-2025
30,Jamal Murray,11-07-2025
31,Anthony Davis,11-07-2025
32,Chet Holmgren,11-07-2025
33,Alex Sarr,11-07-2025
34,Zach LaVine,11-07-2025
35,Keyonte George,11-07-2025
36,Evan Mobley,11-07-2025
37,Kevin Durant,11-07-2025
38,Michael Porter Jr.,11-07-2025
39,Jalen Duren,11-07-2025
40,Brandon Ingram,11-07-2025
41,Zion Williamson,11-07-2025
42,Domantas Sabonis,11-07-2025
43,Norman Powell,11-07-2025
44,Walker Kessler,11-07-2025
45,Miles Bridges,11-07-2025
46,RJ Barrett,11-07-2025
47,Franz Wagner,11-07-2025
48,Jrue Holiday,11-07-2025
49,Stephon Castle,11-07-2025
50,Amen Thompson,11-07-2025

1,Luka Doncic,11-08-2025
2,Nikola Jokic,11-08-2025
3,Giannis Antetokounmpo,11-08-2025
4,Tyrese Maxey,11-08-2025
5,Shai Gilgeous-Alexander,11-08-2025
6,Austin Reaves,11-08-2025
7,Victor Wembanyama,11-08-2025
8,Donovan Mitchell,11-08-2025
9,Josh Giddey,11-08-2025
10,Devin Booker,11-08-2025
11,Julius Randle,11-08-2025
12,LaMelo Ball,11-08-2025
13,Bennedict Mathurin,11-08-2025
14,Alperen Sengun,11-08-2025
15,Lauri Markkanen,11-08-2025
16,Cade Cunningham,11-08-2025
17,Jalen Brunson,11-08-2025
18,James Harden,11-08-2025
19,Pascal Siakam,11-08-2025
20,Jaylen Brown,11-08-2025
21,Kawhi Leonard,11-08-2025
22,Nikola Vucevic,11-08-2025
23,Jalen Green,11-08-2025
24,Stephen Curry,11-08-2025
25,Jalen Johnson,11-08-2025
26,Scottie Barnes,11-08-2025
27,Paolo Banchero,11-08-2025
28,Deni Avdija,11-08-2025
29,Karl-Anth:ony Towns,11-08-2025
30,Jamal Murray,11-08-2025
31,Anthony Davis,11-08-2025
32,Chet Holmgren,11-08-2025
33,Alex Sarr,11-08-2025
34,Zach LaVine,11-08-2025
35,Keyonte George,11-08-2025
36,Evan Mobley,11-08-2025
37,Kevin Durant,11-08-2025
38,Michael Porter Jr.,11-08-2025
39,Jalen Duren,11-08-2025
40,Brandon Ingram,11-08-2025
41,Zion Williamson,11-08-2025
42,Domantas Sabonis,11-08-2025
43,Norman Powell,11-08-2025
44,Walker Kessler,11-08-2025
45,Miles Bridges,11-08-2025
46,RJ Barrett,11-08-2025
47,Franz Wagner,11-08-2025
48,Jrue Holiday,11-08-2025
49,Stephon Castle,11-08-2025
50,Amen Thompson,11-08-2025

1,Luka Doncic,11-09-2025
2,Giannis Antetokounmpo,11-09-2025
3,Nikola Jokic,11-09-2025
4,Tyrese Maxey,11-09-2025
5,Shai Gilgeous-Alexander,11-09-2025
6,Austin Reaves,11-09-2025
7,Victor Wembanyama,11-09-2025
8,Donovan Mitchell,11-09-2025
9,Julius Randle,11-09-2025
10,Devin Booker,11-09-2025
11,LaMelo Ball,11-09-2025
12,Bennedict Mathurin,11-09-2025
13,Cade Cunningham,11-09-2025
14,Josh Giddey,11-09-2025
15,Alperen Sengun,11-09-2025
16,Jalen Brunson,11-09-2025
17,Jaylen Brown,11-09-2025
18,Deni Avdija,11-09-2025
19,Kawhi Leonard,11-09-2025
20,Lauri Markkanen,11-09-2025
21,James Harden,11-09-2025
22,Stephen Curry,11-09-2025
23,Jalen Johnson,11-09-2025
24,Jamal Murray,11-09-2025
25,Pascal Siakam,11-09-2025
26,Paolo Banchero,11-09-2025
27,Scottie Barnes,11-09-2025
28,Jalen Duren,11-09-2025
29,Anthony Davis,11-09-2025
30,Evan Mobley,11-09-2025
31,Alex Sarr,11-09-2025
32,De'Aaron Fox,11-09-2025
33,Anthony Edwards,11-09-2025
34,Nikola Vucevic,11-09-2025
35,Michael Porter Jr.,11-09-2025
36,Keyonte George,11-09-2025
37,Brandon Ingram,11-09-2025
38,Zion Williamson,11-09-2025
39,Franz Wagner,11-09-2025
40,Jrue Holiday,11-09-2025
41,Domantas Sabonis,11-09-2025
42,Norman Powell,11-09-2025
43,Walker Kessler,11-09-2025
44,Miles Bridges,11-09-2025
45,Stephon Castle,11-09-2025
46,RJ Barrett,11-09-2025
47,Kevin Durant,11-09-2025
48,Chet Holmgren,11-09-2025
49,De'Aaron Jackson,11-09-2025
50,Stephon Castle,11-09-2025

1,Luka Doncic,11-10-2025
2,Nikola Jokic,11-10-2025
3,Giannis Antetokounmpo,11-10-2025
4,Tyrese Maxey,11-10-2025
5,Shai Gilgeous-Alexander,11-10-2025
6,Austin Reaves,11-10-2025
7,Victor Wembanyama,11-10-2025
8,Donovan Mitchell,11-10-2025
9,Devin Booker,11-10-2025
10,LaMelo Ball,11-10-2025
11,Bennedict Mathurin,11-10-2025
12,Julius Randle,11-10-2025
13,Cade Cunningham,11-10-2025
14,Alperen Sengun,11-10-2025
15,Josh Giddey,11-10-2025
16,Deni Avdija,11-10-2025
17,Jalen Brunson,11-10-2025
18,Jaylen Brown,11-10-2025
19,Kawhi Leonard,11-10-2025
20,Lauri Markkanen,11-10-2025
21,James Harden,11-10-2025
22,Stephen Curry,11-10-2025
23,Karl-Anthony Towns,11-10-2025
24,Pascal Siakam,11-10-2025
25,Jamal Murray,11-10-2025
26,Paolo Banchero,11-10-2025
27,Scottie Barnes,11-10-2025
28,Anthony Davis,11-10-2025
29,De'Aaron Fox,11-10-2025
30,Evan Mobley,11-10-2025
31,Alex Sarr,11-10-2025
32,Nikola Vucevic,11-10-2025
33,Keyonte George,11-10-2025
34,Brandon Ingram,11-10-2025
35,Zion Williamson,11-10-2025
36,Franz Wagner,11-10-2025
37,Norman Powell,11-10-2025
38,Walker Kessler,11-10-2025
39,Stephon Castle,11-10-2025
40,Miles Bridges,11-10-2025
41,RJ Barrett,11-10-2025
42,Michael Porter Jr.,11-10-2025
43,Domantas Sabonis,11-10-2025
44,Bam Adebayo,11-10-2025
45,Kyshawn George,11-10-2025
46,Jrue Holiday,11-10-2025
47,De'Aaron Jackson,11-10-2025
48,Deâ€™Aaron Fox,11-10-2025
49,Stephon Castle,11-10-2025
50,Amen Thompson,11-10-2025

1,Luka Doncic,11-11-2025
2,Nikola Jokic,11-11-2025
3,Giannis Antetokounmpo,11-11-2025
4,Tyrese Maxey,11-11-2025
5,Shai Gilgeous-Alexander,11-11-2025
6,Austin Reaves,11-11-2025
7,Victor Wembanyama,11-11-2025
8,Cade Cunningham,11-11-2025
9,Donovan Mitchell,11-11-2025
10,LaMelo Ball,11-11-2025
11,Bennedict Mathurin,11-11-2025
12,Julius Randle,11-11-2025
13,Devin Booker,11-11-2025
14,Alperen Sengun,11-11-2025
15,Josh Giddey,11-11-2025
16,Deni Avdija,11-11-2025
17,Jalen Brunson,11-11-2025
18,Jaylen Brown,11-11-2025
19,Kawhi Leonard,11-11-2025
20,James Harden,11-11-2025
21,Anthony Edwards,11-11-2025
22,Stephen Curry,11-11-2025
23,Lauri Markkanen,11-11-2025
24,Jalen Johnson,11-11-2025
25,Karl-Anthony Towns,11-11-2025
26,Paolo Banchero,11-11-2025
27,Jamal Murray,11-11-2025
28,Pascal Siakam,11-11-2025
29,Jalen Duren,11-11-2025
30,Scottie Barnes,11-11-2025
31,Anthony Davis,11-11-2025
32,Evan Mobley,11-11-2025
33,Keyonte George,11-11-2025
34,Alex Sarr,11-11-2025
35,Kevin Durant,11-11-2025
36,Miles Bridges,11-11-2025
37,Michael Porter Jr.,11-11-2025
38,Zion Williamson,11-11-2025
39,Franz Wagner,11-11-2025
40,Brandon Ingram,11-11-2025
41,Stephon Castle,11-11-2025
42,Zach LaVine,11-11-2025
43,Jaime Jaquez Jr.,11-11-2025
44,Norman Powell,11-11-2025
45,Nikola Vucevic,11-11-2025
46,Jrue Holiday,11-11-2025
47,Chet Holmgren,11-11-2025
48,Domantas Sabonis,11-11-2025
49,Walker Kessler,11-11-2025
50,De'Aaron Fox,11-11-2025

1,Luka Doncic,11-12-2025
2,Nikola Jokic,11-12-2025
3,Giannis Antetokounmpo,11-12-2025
4,Shai Gilgeous-Alexander,11-12-2025
5,Tyrese Maxey,11-12-2025
6,Austin Reaves,11-12-2025
7,Victor Wembanyama,11-12-2025
8,Cade Cunningham,11-12-2025
9,Donovan Mitchell,11-12-2025
10,LaMelo Ball,11-12-2025
11,Bennedict Mathurin,11-12-2025
12,Julius Randle,11-12-2025
13,Devin Booker,11-12-2025
14,Alperen Sengun,11-12-2025
15,Josh Giddey,11-12-2025
16,James Harden,11-12-2025
17,Jalen Brunson,11-12-2025
18,Deni Avdija,11-12-2025
19,Lauri Markkanen,11-12-2025
20,Kawhi Leonard,11-12-2025
21,Jaylen Brown,11-12-2025
22,Anthony Edwards,11-12-2025
23,Karl-Anthony Towns,11-12-2025
24,Pascal Siakam,11-12-2025
25,Jalen Johnson,11-12-2025
26,Paolo Banchero,11-12-2025
27,Jamal Murray,11-12-2025
28,Jalen Duren,11-12-2025
29,Scottie Barnes,11-12-2025
30,Anthony Davis,11-12-2025
31,Evan Mobley,11-12-2025
32,Alex Sarr,11-12-2025
33,Kevin Durant,11-12-2025
34,Stephen Curry,11-12-2025
35,Miles Bridges,11-12-2025
36,Chet Holmgren,11-12-2025
37,Brandon Ingram,11-12-2025
38,Zion Williamson,11-12-2025
39,Franz Wagner,11-12-2025
40,Keyonte George,11-12-2025
41,Stephon Castle,11-12-2025
42,Zach LaVine,11-12-2025
43,Michael Porter Jr.,11-12-2025
44,Jaime Jaquez Jr.,11-12-2025
45,Norman Powell,11-12-2025
46,Nikola Vucevic,11-12-2025
47,Jrue Holiday,11-12-2025
48,Domantas Sabonis,11-12-2025
49,Walker Kessler,11-12-2025
50,De'Aaron Fox,11-12-2025

1,Luka Doncic,11-13-2025
2,Nikola Jokic,11-13-2025
3,Giannis Antetokounmpo,11-13-2025
4,Shai Gilgeous-Alexander,11-13-2025
5,Tyrese Maxey,11-13-2025
6,Austin Reaves,11-13-2025
7,Victor Wembanyama,11-13-2025
8,Cade Cunningham,11-13-2025
9,Donovan Mitchell,11-13-2025
10,LaMelo Ball,11-13-2025
11,Bennedict Mathurin,11-13-2025
12,Julius Randle,11-13-2025
13,Devin Booker,11-13-2025
14,Alperen Sengun,11-13-2025
15,Josh Giddey,11-13-2025
16,James Harden,11-13-2025
17,Jalen Brunson,11-13-2025
18,Deni Avdija,11-13-2025
19,Lauri Markkanen,11-13-2025
20,Kawhi Leonard,11-13-2025
21,Jaylen Brown,11-13-2025
22,Anthony Edwards,11-13-2025
23,Karl-Anthony Towns,11-13-2025
24,Pascal Siakam,11-13-2025
25,Jalen Johnson,11-13-2025
26,Paolo Banchero,11-13-2025
27,Jamal Murray,11-13-2025
28,Jalen Duren,11-13-2025
29,Scottie Barnes,11-13-2025
30,Anthony Davis,11-13-2025
31,Evan Mobley,11-13-2025
32,Alex Sarr,11-13-2025
33,Kevin Durant,11-13-2025
34,Stephen Curry,11-13-2025
35,Miles Bridges,11-13-2025
36,Chet Holmgren,11-13-2025
37,Brandon Ingram,11-13-2025
38,Zion Williamson,11-13-2025
39,Franz Wagner,11-13-2025
40,Keyonte George,11-13-2025
41,Stephon Castle,11-13-2025
42,Zach LaVine,11-13-2025
43,Michael Porter Jr.,11-13-2025
44,Jaime Jaquez Jr.,11-13-2025
45,Norman Powell,11-13-2025
46,Nikola Vucevic,11-13-2025
47,Jrue Holiday,11-13-2025
48,Domantas Sabonis,11-13-2025
49,Walker Kessler,11-13-2025
50,De'Aaron Fox,11-13-2025

1,Luka Doncic,11-14-2025
2,Nikola Jokic,11-14-2025
3,Giannis Antetokounmpo,11-14-2025
4,Shai Gilgeous-Alexander,11-14-2025
5,Tyrese Maxey,11-14-2025
6,Austin Reaves,11-14-2025
7,Victor Wembanyama,11-14-2025
8,Cade Cunningham,11-14-2025
9,Donovan Mitchell,11-14-2025
10,LaMelo Ball,11-14-2025
11,Bennedict Mathurin,11-14-2025
12,Julius Randle,11-14-2025
13,Devin Booker,11-14-2025
14,Alperen Sengun,11-14-2025
15,Josh Giddey,11-14-2025
16,James Harden,11-14-2025
17,Jalen Brunson,11-14-2025
18,Deni Avdija,11-14-2025
19,Lauri Markkanen,11-14-2025
20,Kawhi Leonard,11-14-2025
21,Jaylen Brown,11-14-2025
22,Anthony Edwards,11-14-2025
23,Karl-Anthony Towns,11-14-2025
24,Pascal Siakam,11-14-2025
25,Jalen Johnson,11-14-2025
26,Paolo Banchero,11-14-2025
27,Jamal Murray,11-14-2025
28,Jalen Duren,11-14-2025
29,Scottie Barnes,11-14-2025
30,Anthony Davis,11-14-2025
31,Evan Mobley,11-14-2025
32,Alex Sarr,11-14-2025
33,Kevin Durant,11-14-2025
34,Stephen Curry,11-14-2025
35,Miles Bridges,11-14-2025
36,Chet Holmgren,11-14-2025
37,Brandon Ingram,11-14-2025
38,Zion Williamson,11-14-2025
39,Franz Wagner,11-14-2025
40,Keyonte George,11-14-2025
41,Stephon Castle,11-14-2025
42,Zach LaVine,11-14-2025
43,Michael Porter Jr.,11-14-2025
44,Jaime Jaquez Jr.,11-14-2025
45,Norman Powell,11-14-2025
46,Nikola Vucevic,11-14-2025
47,Jrue Holiday,11-14-2025
48,Domantas Sabonis,11-14-2025
49,Walker Kessler,11-14-2025
50,De'Aaron Fox,11-14-2025

1,Luka Doncic,11-15-2025
2,Nikola Jokic,11-15-2025
3,Giannis Antetokounmpo,11-15-2025
4,Shai Gilgeous-Alexander,11-15-2025
5,Tyrese Maxey,11-15-2025
6,Austin Reaves,11-15-2025
7,Victor Wembanyama,11-15-2025
8,Cade Cunningham,11-15-2025
9,Donovan Mitchell,11-15-2025
10,LaMelo Ball,11-15-2025
11,Bennedict Mathurin,11-15-2025
12,Julius Randle,11-15-2025
13,Devin Booker,11-15-2025
14,Alperen Sengun,11-15-2025
15,Josh Giddey,11-15-2025
16,James Harden,11-15-2025
17,Jalen Brunson,11-15-2025
18,Deni Avdija,11-15-2025
19,Lauri Markkanen,11-15-2025
20,Kawhi Leonard,11-15-2025
21,Jaylen Brown,11-15-2025
22,Anthony Edwards,11-15-2025
23,Karl-Anthony Towns,11-15-2025
24,Pascal Siakam,11-15-2025
25,Jalen Johnson,11-15-2025
26,Paolo Banchero,11-15-2025
27,Jamal Murray,11-15-2025
28,Jalen Duren,11-15-2025
29,Scottie Barnes,11-15-2025
30,Anthony Davis,11-15-2025
31,Evan Mobley,11-15-2025
32,Alex Sarr,11-15-2025
33,Kevin Durant,11-15-2025
34,Stephen Curry,11-15-2025
35,Miles Bridges,11-15-2025
36,Chet Holmgren,11-15-2025
37,Brandon Ingram,11-15-2025
38,Zion Williamson,11-15-2025
39,Franz Wagner,11-15-2025
40,Keyonte George,11-15-2025
41,Stephon Castle,11-15-2025
42,Zach LaVine,11-15-2025
43,Michael Porter Jr.,11-15-2025
44,Jaime Jaquez Jr.,11-15-2025
45,Norman Powell,11-15-2025
46,Nikola Vucevic,11-15-2025
47,Jrue Holiday,11-15-2025
48,Domantas Sabonis,11-15-2025
49,Walker Kessler,11-15-2025
50,De'Aaron Fox,11-15-2025

1,Nikola Jokic,11-16-2025
2,Giannis Antetokounmpo,11-16-2025
3,Luka Doncic,11-16-2025
4,Shai Gilgeous-Alexander,11-16-2025
5,Tyrese Maxey,11-16-2025
6,Victor Wembanyama,11-16-2025
7,Cade Cunningham,11-16-2025
8,Austin Reaves,11-16-2025
9,Donovan Mitchell,11-16-2025
10,James Harden,11-16-2025
11,Julius Randle,11-16-2025
12,Bennedict Mathurin,11-16-2025
13,Alperen Sengun,11-16-2025
14,Devin Booker,11-16-2025
15,Josh Giddey,11-16-2025
16,Jalen Johnson,11-16-2025
17,LaMelo Ball,11-16-2025
18,Stephen Curry,11-16-2025
19,Lauri Markkanen,11-16-2025
20,Jalen Brunson,11-16-2025
21,Karl-Anthony Towns,11-16-2025
22,Deni Avdija,11-16-2025
23,Kawhi Leonard,11-16-2025
24,Anthony Edwards,11-16-2025
25,Jaylen Brown,11-16-2025
26,Scottie Barnes,11-16-2025
27,Pascal Siakam,11-16-2025
28,Jalen Duren,11-16-2025
29,Jamal Murray,11-16-2025
30,Anthony Davis,11-16-2025
31,Alex Sarr,11-16-2025
32,Kevin Durant,11-16-2025
33,Norman Powell,11-16-2025
34,Paolo Banchero,11-16-2025
35,Franz Wagner,11-16-2025
36,Michael Porter Jr.,11-16-2025
37,Evan Mobley,11-16-2025
38,Stephon Castle,11-16-2025
39,Miles Bridges,11-16-2025
40,Zion Williamson,11-16-2025
41,Domantas Sabonis,11-16-2025
42,Keyonte George,11-16-2025
43,Chet Holmgren,11-16-2025
44,Walker Kessler,11-16-2025
45,Jrue Holiday,11-16-2025
46,Jimmy Butler III,11-16-2025
47,Zach LaVine,11-16-2025
48,Jaime Jaquez Jr.,11-16-2025
49,Brandon Ingram,11-16-2025
50,Trey Murphy III,11-16-2025

1,Nikola Jokic,11-17-2025
2,Giannis Antetokounmpo,11-17-2025
3,Luka Doncic,11-17-2025
4,Shai Gilgeous-Alexander,11-17-2025
5,Tyrese Maxey,11-17-2025
6,Victor Wembanyama,11-17-2025
7,Cade Cunningham,11-17-2025
8,Austin Reaves,11-17-2025
9,James Harden,11-17-2025
10,Donovan Mitchell,11-17-2025
11,Julius Randle,11-17-2025
12,Josh Giddey,11-17-2025
13,Alperen Sengun,11-17-2025
14,Bennedict Mathurin,11-17-2025
15,Jalen Johnson,11-17-2025
16,Devin Booker,11-17-2025
17,Lauri Markkanen,11-17-2025
18,Coby White,11-17-2025
19,LaMelo Ball,11-17-2025
20,Jalen Brunson,11-17-2025
21,Deni Avdija,11-17-2025
22,Karl-Anthony Towns,11-17-2025
23,Jaylen Brown,11-17-2025
24,Kawhi Leonard,11-17-2025
25,Anthony Edwards,11-17-2025
26,Stephen Curry,11-17-2025
27,Scottie Barnes,11-17-2025
28,Kevin Durant,11-17-2025
29,Pascal Siakam,11-17-2025
30,Jalen Duren,11-17-2025
31,Michael Porter Jr.,11-17-2025
32,Jamal Murray,11-17-2025
33,Anthony Davis,11-17-2025
34,Norman Powell,11-17-2025
35,De'Aaron Fox,11-17-2025
36,Paolo Banchero,11-17-2025
37,Franz Wagner,11-17-2025
38,Evan Mobley,11-17-2025
39,Miles Bridges,11-17-2025
40,Keyonte George,11-17-2025
41,Zion Williamson,11-17-2025
42,Alex Sarr,11-17-2025
43,Domantas Sabonis,11-17-2025
44,Chet Holmgren,11-17-2025
45,Jimmy Butler III,11-17-2025
46,Walker Kessler,11-17-2025
47,Jrue Holiday,11-17-2025
48,Jaime Jaquez Jr.,11-17-2025
49,Brandon Ingram,11-17-2025
50,Stephon Castle,11-17-2025

1,Nikola Jokic,11-18-2025
2,Luka Doncic,11-18-2025
3,Giannis Antetokounmpo,11-18-2025
4,Shai Gilgeous-Alexander,11-18-2025
5,Tyrese Maxey,11-18-2025
6,Victor Wembanyama,11-18-2025
7,Donovan Mitchell,11-18-2025
8,Cade Cunningham,11-18-2025
9,Austin Reaves,11-18-2025
10,James Harden,11-18-2025
11,Josh Giddey,11-18-2025
12,Alperen Sengun,11-18-2025
13,Jalen Johnson,11-18-2025
14,Devin Booker,11-18-2025
15,Lauri Markkanen,11-18-2025
16,Coby White,11-18-2025
17,Julius Randle,11-18-2025
18,Jalen Brunson,11-18-2025
19,LaMelo Ball,11-18-2025
20,Deni Avdija,11-18-2025
21,Jaylen Brown,11-18-2025
22,Kawhi Leonard,11-18-2025
23,Karl-Anthony Towns,11-18-2025
24,Jalen Duren,11-18-2025
25,Stephen Curry,11-18-2025
26,Jamal Murray,11-18-2025
27,Scottie Barnes,11-18-2025
28,Bennedict Mathurin,11-18-2025
29,Pascal Siakam,11-18-2025
30,Kevin Durant,11-18-2025
31,Anthony Edwards,11-18-2025
32,Michael Porter Jr.,11-18-2025
33,Anthony Davis,11-18-2025
34,De'Aaron Fox,11-18-2025
35,Paolo Banchero,11-18-2025
36,Franz Wagner,11-18-2025
37,Norman Powell,11-18-2025
38,Keyonte George,11-18-2025
39,Miles Bridges,11-18-2025
40,Zion Williamson,11-18-2025
41,Alex Sarr,11-18-2025
42,Domantas Sabonis,11-18-2025
43,Chet Holmgren,11-18-2025
44,Evan Mobley,11-18-2025
45,Jimmy Butler III,11-18-2025
46,Walker Kessler,11-18-2025
47,Jrue Holiday,11-18-2025
48,Brandon Ingram,11-18-2025
49,Stephon Castle,11-18-2025
50,Ivica Zubac,11-18-2025

1,Nikola Jokic,11-19-2025
2,Luka Doncic,11-19-2025
3,Giannis Antetokounmpo,11-19-2025
4,Shai Gilgeous-Alexander,11-19-2025
5,Tyrese Maxey,11-19-2025
6,Victor Wembanyama,11-19-2025
7,Donovan Mitchell,11-19-2025
8,Cade Cunningham,11-19-2025
9,Austin Reaves,11-19-2025
10,James Harden,11-19-2025
11,Josh Giddey,11-19-2025
12,Alperen Sengun,11-19-2025
13,Jalen Johnson,11-19-2025
14,Lauri Markkanen,11-19-2025
15,Devin Booker,11-19-2025
16,Coby White,11-19-2025
17,Julius Randle,11-19-2025
18,Jalen Brunson,11-19-2025
19,LaMelo Ball,11-19-2025
20,Stephen Curry,11-19-2025
21,Kawhi Leonard,11-19-2025
22,Deni Avdija,11-19-2025
23,Karl-Anthony Towns,11-19-2025
24,Jaylen Brown,11-19-2025
25,Jalen Duren,11-19-2025
26,Jamal Murray,11-19-2025
27,Scottie Barnes,11-19-2025
28,Bennedict Mathurin,11-19-2025
29,Pascal Siakam,11-19-2025
30,Kevin Durant,11-19-2025
31,Michael Porter Jr.,11-19-2025
32,Anthony Edwards,11-19-2025
33,Anthony Davis,11-19-2025
34,Keyonte George,11-19-2025
35,De'Aaron Fox,11-19-2025
36,Paolo Banchero,11-19-2025
37,Franz Wagner,11-19-2025
38,Norman Powell,11-19-2025
39,Jimmy Butler III,11-19-2025
40,Miles Bridges,11-19-2025
41,Zion Williamson,11-19-2025
42,Alex Sarr,11-19-2025
43,Domantas Sabonis,11-19-2025
44,Chet Holmgren,11-19-2025
45,Evan Mobley,11-19-2025
46,Walker Kessler,11-19-2025
47,Jrue Holiday,11-19-2025
48,Brandon Ingram,11-19-2025
49,Stephon Castle,11-19-2025
50,Ivica Zubac,11-19-2025

1,Nikola Jokic,11-20-2025
2,Luka Doncic,11-20-2025
3,Giannis Antetokounmpo,11-20-2025
4,Shai Gilgeous-Alexander,11-20-2025
5,Tyrese Maxey,11-20-2025
6,Victor Wembanyama,11-20-2025
7,Cade Cunningham,11-20-2025
8,Austin Reaves,11-20-2025
9,Donovan Mitchell,11-20-2025
10,James Harden,11-20-2025
11,Alperen Sengun,11-20-2025
12,Jalen Johnson,11-20-2025
13,Lauri Markkanen,11-20-2025
14,Josh Giddey,11-20-2025
15,Julius Randle,11-20-2025
16,Devin Booker,11-20-2025
17,Jalen Brunson,11-20-2025
18,Deni Avdija,11-20-2025
19,Coby White,11-20-2025
20,Stephen Curry,11-20-2025
21,Kawhi Leonard,11-20-2025
22,Jaylen Brown,11-20-2025
23,Jalen Duren,11-20-2025
24,LaMelo Ball,11-20-2025
25,Karl-Anthony Towns,11-20-2025
26,Bennedict Mathurin,11-20-2025
27,Pascal Siakam,11-20-2025
28,Scottie Barnes,11-20-2025
29,Michael Porter Jr.,11-20-2025
30,Jamal Murray,11-20-2025
31,Anthony Davis,11-20-2025
32,Kevin Durant,11-20-2025
33,Keyonte George,11-20-2025
34,Anthony Edwards,11-20-2025
35,De'Aaron Fox,11-20-2025
36,Paolo Banchero,11-20-2025
37,Norman Powell,11-20-2025
38,Franz Wagner,11-20-2025
39,Miles Bridges,11-20-2025
40,Jimmy Butler III,11-20-2025
41,Chet Holmgren,11-20-2025
42,Alex Sarr,11-20-2025
43,Domantas Sabonis,11-20-2025
44,Walker Kessler,11-20-2025
45,Jrue Holiday,11-20-2025
46,Evan Mobley,11-20-2025
47,Brandon Ingram,11-20-2025
48,Zion Williamson,11-20-2025
49,Stephon Castle,11-20-2025
50,Bam Adebayo,11-20-2025

1,Nikola Jokic,11-21-2025
2,Luka Doncic,11-21-2025
3,Giannis Antetokounmpo,11-21-2025
4,Tyrese Maxey,11-21-2025
5,Shai Gilgeous-Alexander,11-21-2025
6,Victor Wembanyama,11-21-2025
7,Cade Cunningham,11-21-2025
8,James Harden,11-21-2025
9,Austin Reaves,11-21-2025
10,Donovan Mitchell,11-21-2025
11,Alperen Sengun,11-21-2025
12,Jalen Johnson,11-21-2025
13,Lauri Markkanen,11-21-2025
14,Josh Giddey,11-21-2025
15,Julius Randle,11-21-2025
16,Devin Booker,11-21-2025
17,Jalen Brunson,11-21-2025
18,Deni Avdija,11-21-2025
19,Coby White,11-21-2025
20,Stephen Curry,11-21-2025
21,Kawhi Leonard,11-21-2025
22,Jaylen Brown,11-21-2025
23,Jalen Duren,11-21-2025
24,LaMelo Ball,11-21-2025
25,Karl-Anthony Towns,11-21-2025
26,Bennedict Mathurin,11-21-2025
27,Pascal Siakam,11-21-2025
28,Scottie Barnes,11-21-2025
29,Michael Porter Jr.,11-21-2025
30,Jamal Murray,11-21-2025
31,De'Aaron Fox,11-21-2025
32,Anthony Davis,11-21-2025
33,Kevin Durant,11-21-2025
34,Keyonte George,11-21-2025
35,Anthony Edwards,11-21-2025
36,Paolo Banchero,11-21-2025
37,Norman Powell,11-21-2025
38,Miles Bridges,11-21-2025
39,Jimmy Butler III,11-21-2025
40,Franz Wagner,11-21-2025
41,Chet Holmgren,11-21-2025
42,Alex Sarr,11-21-2025
43,Domantas Sabonis,11-21-2025
44,Walker Kessler,11-21-2025
45,Jrue Holiday,11-21-2025
46,Evan Mobley,11-21-2025
47,Brandon Ingram,11-21-2025
48,Zion Williamson,11-21-2025
49,Stephon Castle,11-21-2025
50,Bam Adebayo,11-21-2025

1,Nikola Jokic,11-22-2025
2,Luka Doncic,11-22-2025
3,Giannis Antetokounmpo,11-22-2025
4,Tyrese Maxey,11-22-2025
5,Shai Gilgeous-Alexander,11-22-2025
6,Victor Wembanyama,11-22-2025
7,Cade Cunningham,11-22-2025
8,James Harden,11-22-2025
9,Austin Reaves,11-22-2025
10,Donovan Mitchell,11-22-2025
11,Alperen Sengun,11-22-2025
12,Jalen Johnson,11-22-2025
13,Lauri Markkanen,11-22-2025
14,Josh Giddey,11-22-2025
15,Julius Randle,11-22-2025
16,Devin Booker,11-22-2025
17,Jalen Brunson,11-22-2025
18,Deni Avdija,11-22-2025
19,Coby White,11-22-2025
20,Stephen Curry,11-22-2025
21,Kawhi Leonard,11-22-2025
22,Jaylen Brown,11-22-2025
23,Jalen Duren,11-22-2025
24,LaMelo Ball,11-22-2025
25,Karl-Anthony Towns,11-22-2025
26,Bennedict Mathurin,11-22-2025
27,Pascal Siakam,11-22-2025
28,Scottie Barnes,11-22-2025
29,Michael Porter Jr.,11-22-2025
30,Jamal Murray,11-22-2025
31,De'Aaron Fox,11-22-2025
32,Anthony Davis,11-22-2025
33,Kevin Durant,11-22-2025
34,Keyonte George,11-22-2025
35,Anthony Edwards,11-22-2025
36,Paolo Banchero,11-22-2025
37,Norman Powell,11-22-2025
38,Miles Bridges,11-22-2025
39,Jimmy Butler III,11-22-2025
40,Franz Wagner,11-22-2025
41,Chet Holmgren,11-22-2025
42,Alex Sarr,11-22-2025
43,Domantas Sabonis,11-22-2025
44,Walker Kessler,11-22-2025
45,Jrue Holiday,11-22-2025
46,Evan Mobley,11-22-2025
47,Brandon Ingram,11-22-2025
48,Zion Williamson,11-22-2025
49,Stephon Castle,11-22-2025
50,Bam Adebayo,11-22-2025

1,Nikola Jokic,11-23-2025
2,Luka Doncic,11-23-2025
3,Giannis Antetokounmpo,11-23-2025
4,Tyrese Maxey,11-23-2025
5,Shai Gilgeous-Alexander,11-23-2025
6,Victor Wembanyama,11-23-2025
7,James Harden,11-23-2025
8,Cade Cunningham,11-23-2025
9,Donovan Mitchell,11-23-2025
10,Austin Reaves,11-23-2025
11,Jalen Johnson,11-23-2025
12,Alperen Sengun,11-23-2025
13,Josh Giddey,11-23-2025
14,Lauri Markkanen,11-23-2025
15,Jalen Brunson,11-23-2025
16,Julius Randle,11-23-2025
17,Deni Avdija,11-23-2025
18,Devin Booker,11-23-2025
19,Stephen Curry,11-23-2025
20,Kawhi Leonard,11-23-2025
21,Jaylen Brown,11-23-2025
22,Karl-Anthony Towns,11-23-2025
23,Jalen Duren,11-23-2025
24,LaMelo Ball,11-23-2025
25,Pascal Siakam,11-23-2025
26,Michael Porter Jr.,11-23-2025
27,Jamal Murray,11-23-2025
28,Anthony Edwards,11-23-2025
29,Bennedict Mathurin,11-23-2025
30,Scottie Barnes,11-23-2025
31,De'Aaron Fox,11-23-2025
32,Anthony Davis,11-23-2025
33,Franz Wagner,11-23-2025
34,Keyonte George,11-23-2025
35,Coby White,11-23-2025
36,Paolo Banchero,11-23-2025
37,Kevin Durant,11-23-2025
38,Jimmy Butler III,11-23-2025
39,Norman Powell,11-23-2025
40,Domantas Sabonis,11-23-2025
41,Miles Bridges,11-23-2025
42,Alex Sarr,11-23-2025
43,Evan Mobley,11-23-2025
44,Brandon Ingram,11-23-2025
45,Walker Kessler,11-23-2025
46,Jrue Holiday,11-23-2025
47,Chet Holmgren,11-23-2025
48,Zion Williamson,11-23-2025
49,Bam Adebayo,11-23-2025
50,Ivica Zubac,11-23-2025

1,Nikola Jokic,11-24-2025
2,Luka Doncic,11-24-2025
3,Giannis Antetokounmpo,11-24-2025
4,Shai Gilgeous-Alexander,11-24-2025
5,Tyrese Maxey,11-24-2025
6,Victor Wembanyama,11-24-2025
7,Cade Cunningham,11-24-2025
8,Donovan Mitchell,11-24-2025
9,James Harden,11-24-2025
10,Austin Reaves,11-24-2025
11,Jalen Johnson,11-24-2025
12,Alperen Sengun,11-24-2025
13,Josh Giddey,11-24-2025
14,Jalen Brunson,11-24-2025
15,Julius Randle,11-24-2025
16,Lauri Markkanen,11-24-2025
17,Devin Booker,11-24-2025
18,Stephen Curry,11-24-2025
19,Jaylen Brown,11-24-2025
20,Deni Avdija,11-24-2025
21,Karl-Anthony Towns,11-24-2025
22,Jalen Duren,11-24-2025
23,LaMelo Ball,11-24-2025
24,Michael Porter Jr.,11-24-2025
25,Pascal Siakam,11-24-2025
26,Jamal Murray,11-24-2025
27,Kawhi Leonard,11-24-2025
28,Anthony Edwards,11-24-2025
29,Bennedict Mathurin,11-24-2025
30,Scottie Barnes,11-24-2025
31,De'Aaron Fox,11-24-2025
32,Anthony Davis,11-24-2025
33,Keyonte George,11-24-2025
34,Coby White,11-24-2025
35,Franz Wagner,11-24-2025
36,Paolo Banchero,11-24-2025
37,Norman Powell,11-24-2025
38,Kevin Durant,11-24-2025
39,Jimmy Butler III,11-24-2025
40,Ivica Zubac,11-24-2025
41,Domantas Sabonis,11-24-2025
42,Miles Bridges,11-24-2025
43,Evan Mobley,11-24-2025
44,Alex Sarr,11-24-2025
45,Walker Kessler,11-24-2025
46,Jrue Holiday,11-24-2025
47,Brandon Ingram,11-24-2025
48,Zion Williamson,11-24-2025
49,Bam Adebayo,11-24-2025
50,Stephon Castle,11-24-2025

1,Nikola Jokic,11-25-2025
2,Luka Doncic,11-25-2025
3,Giannis Antetokounmpo,11-25-2025
4,Shai Gilgeous-Alexander,11-25-2025
5,Tyrese Maxey,11-25-2025
6,Victor Wembanyama,11-25-2025
7,Cade Cunningham,11-25-2025
8,Donovan Mitchell,11-25-2025
9,James Harden,11-25-2025
10,Austin Reaves,11-25-2025
11,Jalen Johnson,11-25-2025
12,Alperen Sengun,11-25-2025
13,Josh Giddey,11-25-2025
14,Jalen Brunson,11-25-2025
15,Julius Randle,11-25-2025
16,Lauri Markkanen,11-25-2025
17,Devin Booker,11-25-2025
18,Stephen Curry,11-25-2025
19,Jaylen Brown,11-25-2025
20,Deni Avdija,11-25-2025
21,Karl-Anthony Towns,11-25-2025
22,Jalen Duren,11-25-2025
23,LaMelo Ball,11-25-2025
24,Michael Porter Jr.,11-25-2025
25,Pascal Siakam,11-25-2025
26,Jamal Murray,11-25-2025
27,Kawhi Leonard,11-25-2025
28,Anthony Edwards,11-25-2025
29,Bennedict Mathurin,11-25-2025
30,Scottie Barnes,11-25-2025
31,De'Aaron Fox,11-25-2025
32,Anthony Davis,11-25-2025
33,Keyonte George,11-25-2025
34,Coby White,11-25-2025
35,Franz Wagner,11-25-2025
36,Paolo Banchero,11-25-2025
37,Norman Powell,11-25-2025
38,Kevin Durant,11-25-2025
39,Jimmy Butler III,11-25-2025
40,Ivica Zubac,11-25-2025
41,Domantas Sabonis,11-25-2025
42,Miles Bridges,11-25-2025
43,Evan Mobley,11-25-2025
44,Alex Sarr,11-25-2025
45,Walker Kessler,11-25-2025
46,Jrue Holiday,11-25-2025
47,Brandon Ingram,11-25-2025
48,Zion Williamson,11-25-2025
49,Bam Adebayo,11-25-2025
50,Stephon Castle,11-25-2025

1,Nikola Jokic,11-26-2025
2,Luka Doncic,11-26-2025
3,Giannis Antetokounmpo,11-26-2025
4,Shai Gilgeous-Alexander,11-26-2025
5,Tyrese Maxey,11-26-2025
6,Victor Wembanyama,11-26-2025
7,Cade Cunningham,11-26-2025
8,Donovan Mitchell,11-26-2025
9,James Harden,11-26-2025
10,Austin Reaves,11-26-2025
11,Jalen Johnson,11-26-2025
12,Alperen Sengun,11-26-2025
13,Josh Giddey,11-26-2025
14,Jalen Brunson,11-26-2025
15,Julius Randle,11-26-2025
16,Lauri Markkanen,11-26-2025
17,Devin Booker,11-26-2025
18,Stephen Curry,11-26-2025
19,Jaylen Brown,11-26-2025
20,Deni Avdija,11-26-2025
21,Karl-Anthony Towns,11-26-2025
22,Jalen Duren,11-26-2025
23,LaMelo Ball,11-26-2025
24,Michael Porter Jr.,11-26-2025
25,Pascal Siakam,11-26-2025
26,Jamal Murray,11-26-2025
27,Kawhi Leonard,11-26-2025
28,Anthony Edwards,11-26-2025
29,Bennedict Mathurin,11-26-2025
30,Scottie Barnes,11-26-2025
31,De'Aaron Fox,11-26-2025
32,Anthony Davis,11-26-2025
33,Keyonte George,11-26-2025
34,Coby White,11-26-2025
35,Franz Wagner,11-26-2025
36,Paolo Banchero,11-26-2025
37,Norman Powell,11-26-2025
38,Kevin Durant,11-26-2025
39,Jimmy Butler III,11-26-2025
40,Ivica Zubac,11-26-2025
41,Domantas Sabonis,11-26-2025
42,Miles Bridges,11-26-2025
43,Evan Mobley,11-26-2025
44,Alex Sarr,11-26-2025
45,Walker Kessler,11-26-2025
46,Jrue Holiday,11-26-2025
47,Brandon Ingram,11-26-2025
48,Zion Williamson,11-26-2025
49,Bam Adebayo,11-26-2025
50,Stephon Castle,11-26-2025

1,Nikola Jokic,11-27-2025
2,Luka Doncic,11-27-2025
3,Giannis Antetokounmpo,11-27-2025
4,Shai Gilgeous-Alexander,11-27-2025
5,Tyrese Maxey,11-27-2025
6,Victor Wembanyama,11-27-2025
7,Cade Cunningham,11-27-2025
8,James Harden,11-27-2025
9,Tyler Herro,11-27-2025
10,Austin Reaves,11-27-2025
11,Donovan Mitchell,11-27-2025
12,Jalen Johnson,11-27-2025
13,Josh Giddey,11-27-2025
14,Jalen Brunson,11-27-2025
15,Alperen Sengun,11-27-2025
16,Jaylen Brown,11-27-2025
17,Lauri Markkanen,11-27-2025
18,Anthony Edwards,11-27-2025
19,Karl-Anthony Towns,11-27-2025
20,Deni Avdija,11-27-2025
21,Julius Randle,11-27-2025
22,Stephen Curry,11-27-2025
23,De'Aaron Fox,11-27-2025
24,Devin Booker,11-27-2025
25,Jamal Murray,11-27-2025
26,Scottie Barnes,11-27-2025
27,Jalen Duren,11-27-2025
28,Keyonte George,11-27-2025
29,Michael Porter Jr.,11-27-2025
30,Pascal Siakam,11-27-2025
31,Kawhi Leonard,11-27-2025
32,Anthony Davis,11-27-2025
33,LaMelo Ball,11-27-2025
34,Franz Wagner,11-27-2025
35,Paolo Banchero,11-27-2025
36,Coby White,11-27-2025
37,Jimmy Butler III,11-27-2025
38,Kevin Durant,11-27-2025
39,LeBron James,11-27-2025
40,Alex Sarr,11-27-2025
41,Domantas Sabonis,11-27-2025
42,Norman Powell,11-27-2025
43,Ivica Zubac,11-27-2025
44,Brandon Ingram,11-27-2025
45,Evan Mobley,11-27-2025
46,Walker Kessler,11-27-2025
47,Jrue Holiday,11-27-2025
48,Miles Bridges,11-27-2025
49,Zion Williamson,11-27-2025
50,Stephon Castle,11-27-2025

1,Nikola Jokic,11-28-2025
2,Luka Doncic,11-28-2025
3,Giannis Antetokounmpo,11-28-2025
4,Shai Gilgeous-Alexander,11-28-2025
5,Tyrese Maxey,11-28-2025
6,Victor Wembanyama,11-28-2025
7,Cade Cunningham,11-28-2025
8,James Harden,11-28-2025
9,Tyler Herro,11-28-2025
10,Austin Reaves,11-28-2025
11,Donovan Mitchell,11-28-2025
12,Jalen Johnson,11-28-2025
13,Josh Giddey,11-28-2025
14,Jalen Brunson,11-28-2025
15,Alperen Sengun,11-28-2025
16,Jaylen Brown,11-28-2025
17,Lauri Markkanen,11-28-2025
18,Anthony Edwards,11-28-2025
19,Karl-Anthony Towns,11-28-2025
20,Deni Avdija,11-28-2025
21,Julius Randle,11-28-2025
22,Stephen Curry,11-28-2025
23,De'Aaron Fox,11-28-2025
24,Devin Booker,11-28-2025
25,Jamal Murray,11-28-2025
26,Scottie Barnes,11-28-2025
27,Jalen Duren,11-28-2025
28,Keyonte George,11-28-2025
29,Michael Porter Jr.,11-28-2025
30,Pascal Siakam,11-28-2025
31,Kawhi Leonard,11-28-2025
32,Anthony Davis,11-28-2025
33,LaMelo Ball,11-28-2025
34,Franz Wagner,11-28-2025
35,Paolo Banchero,11-28-2025
36,Coby White,11-28-2025
37,Jimmy Butler III,11-28-2025
38,Kevin Durant,11-28-2025
39,LeBron James,11-28-2025
40,Alex Sarr,11-28-2025
41,Domantas Sabonis,11-28-2025
42,Norman Powell,11-28-2025
43,Ivica Zubac,11-28-2025
44,Brandon Ingram,11-28-2025
45,Evan Mobley,11-28-2025
46,Walker Kessler,11-28-2025
47,Jrue Holiday,11-28-2025
48,Miles Bridges,11-28-2025
49,Zion Williamson,11-28-2025
50,Stephon Castle,11-28-2025

1,Nikola Jokic,11-29-2025
2,Luka Doncic,11-29-2025
3,Giannis Antetokounmpo,11-29-2025
4,Shai Gilgeous-Alexander,11-29-2025
5,Victor Wembanyama,11-29-2025
6,Tyrese Maxey,11-29-2025
7,Cade Cunningham,11-29-2025
8,Austin Reaves,11-29-2025
9,James Harden,11-29-2025
10,Donovan Mitchell,11-29-2025
11,Tyler Herro,11-29-2025
12,Jalen Johnson,11-29-2025
13,Josh Giddey,11-29-2025
14,Jalen Brunson,11-29-2025
15,Alperen Sengun,11-29-2025
16,Jaylen Brown,11-29-2025
17,Lauri Markkanen,11-29-2025
18,Anthony Edwards,11-29-2025
19,Deni Avdija,11-29-2025
20,Jamal Murray,11-29-2025
21,Julius Randle,11-29-2025
22,Stephen Curry,11-29-2025
23,Devin Booker,11-29-2025
24,Karl-Anthony Towns,11-29-2025
25,De'Aaron Fox,11-29-2025
26,Kawhi Leonard,11-29-2025
27,Scottie Barnes,11-29-2025
28,Keyonte George,11-29-2025
29,Jalen Duren,11-29-2025
30,Pascal Siakam,11-29-2025
31,Michael Porter Jr.,11-29-2025
32,LaMelo Ball,11-29-2025
33,Paolo Banchero,11-29-2025
34,Franz Wagner,11-29-2025
35,Anthony Davis,11-29-2025
36,Jimmy Butler III,11-29-2025
37,Kevin Durant,11-29-2025
38,Coby White,11-29-2025
39,Alex Sarr,11-29-2025
40,Domantas Sabonis,11-29-2025
41,Evan Mobley,11-29-2025
42,Norman Powell,11-29-2025
43,Keegan Murray,11-29-2025
44,Brandon Ingram,11-29-2025
45,Miles Bridges,11-29-2025
46,Ivica Zubac,11-29-2025
47,Walker Kessler,11-29-2025
48,Jrue Holiday,11-29-2025
49,Zion Williamson,11-29-2025
50,Stephon Castle,11-29-2025


1,Nikola Jokic,11-30-2025
2,Luka Doncic,11-30-2025
3,Giannis Antetokounmpo,11-30-2025
4,Shai Gilgeous-Alexander,11-30-2025
5,Victor Wembanyama,11-30-2025
6,Tyrese Maxey,11-30-2025
7,Cade Cunningham,11-30-2025
8,Austin Reaves,11-30-2025
9,James Harden,11-30-2025
10,Donovan Mitchell,11-30-2025
11,Jalen Johnson,11-30-2025
12,Josh Giddey,11-30-2025
13,Jalen Brunson,11-30-2025
14,Jaylen Brown,11-30-2025
15,Alperen Sengun,11-30-2025
16,Anthony Edwards,11-30-2025
17,Tyler Herro,11-30-2025
18,Lauri Markkanen,11-30-2025
19,Deni Avdija,11-30-2025
20,Stephen Curry,11-30-2025
21,Jamal Murray,11-30-2025
22,Julius Randle,11-30-2025
23,Devin Booker,11-30-2025
24,Karl-Anthony Towns,11-30-2025
25,Kawhi Leonard,11-30-2025
26,Scottie Barnes,11-30-2025
27,De'Aaron Fox,11-30-2025
28,Keyonte George,11-30-2025
29,Pascal Siakam,11-30-2025
30,Jalen Duren,11-30-2025
31,Michael Porter Jr.,11-30-2025
32,Jimmy Butler III,11-30-2025
33,Paolo Banchero,11-30-2025
34,Franz Wagner,11-30-2025
35,Anthony Davis,11-30-2025
36,Kevin Durant,11-30-2025
37,Coby White,11-30-2025
38,Alex Sarr,11-30-2025
39,LaMelo Ball,11-30-2025
40,Domantas Sabonis,11-30-2025
41,Evan Mobley,11-30-2025
42,Norman Powell,11-30-2025
43,Miles Bridges,11-30-2025
44,Keegan Murray,11-30-2025
45,Ivica Zubac,11-30-2025
46,Brandon Ingram,11-30-2025
47,Walker Kessler,11-30-2025
48,Jrue Holiday,11-30-2025
49,Zion Williamson,11-30-2025
50,Stephon Castle,11-30-2025

1,Nikola Jokic,12-01-2025
2,Luka Doncic,12-01-2025
3,Giannis Antetokounmpo,12-01-2025
4,Shai Gilgeous-Alexander,12-01-2025
5,Tyrese Maxey,12-01-2025
6,Victor Wembanyama,12-01-2025
7,Cade Cunningham,12-01-2025
8,Austin Reaves,12-01-2025
9,James Harden,12-01-2025
10,Donovan Mitchell,12-01-2025
11,Jalen Johnson,12-01-2025
12,Josh Giddey,12-01-2025
13,Jaylen Brown,12-01-2025
14,Anthony Edwards,12-01-2025
15,Jalen Brunson,12-01-2025
16,Alperen Sengun,12-01-2025
17,Deni Avdija,12-01-2025
18,Tyler Herro,12-01-2025
19,Julius Randle,12-01-2025
20,Stephen Curry,12-01-2025
21,Lauri Markkanen,12-01-2025
22,Jamal Murray,12-01-2025
23,Devin Booker,12-01-2025
24,Kawhi Leonard,12-01-2025
25,Karl-Anthony Towns,12-01-2025
26,Scottie Barnes,12-01-2025
27,De'Aaron Fox,12-01-2025
28,Pascal Siakam,12-01-2025
29,Jalen Duren,12-01-2025
30,Michael Porter Jr.,12-01-2025
31,Kevin Durant,12-01-2025
32,Jimmy Butler III,12-01-2025
33,Paolo Banchero,12-01-2025
34,Franz Wagner,12-01-2025
35,Keyonte George,12-01-2025
36,Anthony Davis,12-01-2025
37,Evan Mobley,12-01-2025
38,Coby White,12-01-2025
39,Alex Sarr,12-01-2025
40,LaMelo Ball,12-01-2025
41,Domantas Sabonis,12-01-2025
42,Norman Powell,12-01-2025
43,Miles Bridges,12-01-2025
44,Ivica Zubac,12-01-2025
45,Walker Kessler,12-01-2025
46,Jrue Holiday,12-01-2025
47,Zion Williamson,12-01-2025
48,Stephon Castle,12-01-2025
49,Brandon Ingram,12-01-2025
50,LeBron James,12-01-2025

1,Nikola Jokic,12-02-2025
2,Luka Doncic,12-02-2025
3,Giannis Antetokounmpo,12-02-2025
4,Shai Gilgeous-Alexander,12-02-2025
5,Tyrese Maxey,12-02-2025
6,Victor Wembanyama,12-02-2025
7,Cade Cunningham,12-02-2025
8,Donovan Mitchell,12-02-2025
9,Austin Reaves,12-02-2025
10,Jalen Johnson,12-02-2025
11,James Harden,12-02-2025
12,Alperen Sengun,12-02-2025
13,Josh Giddey,12-02-2025
14,Jaylen Brown,12-02-2025
15,Anthony Edwards,12-02-2025
16,Jalen Brunson,12-02-2025
17,Deni Avdija,12-02-2025
18,Kawhi Leonard,12-02-2025
19,Julius Randle,12-02-2025
20,Stephen Curry,12-02-2025
21,Lauri Markkanen,12-02-2025
22,Anthony Davis,12-02-2025
23,Jamal Murray,12-02-2025
24,Karl-Anthony Towns,12-02-2025
25,Tyler Herro,12-02-2025
26,Scottie Barnes,12-02-2025
27,De'Aaron Fox,12-02-2025
28,Devin Booker,12-02-2025
29,Michael Porter Jr.,12-02-2025
30,Pascal Siakam,12-02-2025
31,Jalen Duren,12-02-2025
32,Kevin Durant,12-02-2025
33,Keyonte George,12-02-2025
34,Jimmy Butler III,12-02-2025
35,Paolo Banchero,12-02-2025
36,Franz Wagner,12-02-2025
37,Coby White,12-02-2025
38,Norman Powell,12-02-2025
39,Evan Mobley,12-02-2025
40,Alex Sarr,12-02-2025
41,LaMelo Ball,12-02-2025
42,Domantas Sabonis,12-02-2025
43,Ivica Zubac,12-02-2025
44,Walker Kessler,12-02-2025
45,Jrue Holiday,12-02-2025
46,Zion Williamson,12-02-2025
47,Bam Adebayo,12-02-2025
48,Miles Bridges,12-02-2025
49,Stephon Castle,12-02-2025
50,Brandon Ingram,12-02-2025

1,Nikola Jokic,12-03-2025
2,Luka Doncic,12-03-2025
3,Giannis Antetokounmpo,12-03-2025
4,Shai Gilgeous-Alexander,12-03-2025
5,Tyrese Maxey,12-03-2025
6,Victor Wembanyama,12-03-2025
7,Cade Cunningham,12-03-2025
8,Donovan Mitchell,12-03-2025
9,Austin Reaves,12-03-2025
10,Jalen Johnson,12-03-2025
11,James Harden,12-03-2025
12,Alperen Sengun,12-03-2025
13,Anthony Edwards,12-03-2025
14,Jaylen Brown,12-03-2025
15,Josh Giddey,12-03-2025
16,Deni Avdija,12-03-2025
17,Jalen Brunson,12-03-2025
18,Kawhi Leonard,12-03-2025
19,Stephen Curry,12-03-2025
20,Lauri Markkanen,12-03-2025
21,Julius Randle,12-03-2025
22,Karl-Anthony Towns,12-03-2025
23,Anthony Davis,12-03-2025
24,Scottie Barnes,12-03-2025
25,Jamal Murray,12-03-2025
26,De'Aaron Fox,12-03-2025
27,Tyler Herro,12-03-2025
28,Devin Booker,12-03-2025
29,Michael Porter Jr.,12-03-2025
30,Pascal Siakam,12-03-2025
31,Jalen Duren,12-03-2025
32,Kevin Durant,12-03-2025
33,Keyonte George,12-03-2025
34,Paolo Banchero,12-03-2025
35,Franz Wagner,12-03-2025
36,Coby White,12-03-2025
37,Norman Powell,12-03-2025
38,Evan Mobley,12-03-2025
39,Alex Sarr,12-03-2025
40,LaMelo Ball,12-03-2025
41,Domantas Sabonis,12-03-2025
42,Jimmy Butler III,12-03-2025
43,Ivica Zubac,12-03-2025
44,Walker Kessler,12-03-2025
45,Jrue Holiday,12-03-2025
46,Trey Murphy III,12-03-2025
47,Zion Williamson,12-03-2025
48,Bam Adebayo,12-03-2025
49,Miles Bridges,12-03-2025
50,Stephon Castle,12-03-2025
